<?xml version="1.0" encoding="utf-8" ?>
<Defs>
  <RecipeDef>
    <defName>MFFG_Synthread</defName>
    <label>make synthread x10</label>
    <description>Make synthread x10.</description>
    <jobString>Making 10 synthread.</jobString>
    <workSpeedStat>GeneralLaborSpeed</workSpeedStat>
    <effectWorking>Tailor</effectWorking>
    <soundWorking>Recipe_Tailor</soundWorking>
    <workAmount>2400</workAmount>
    <recipeUsers>
      <li>FabricationBench</li>
    </recipeUsers>
    <ingredients>
      <li>
        <filter>
          <thingDefs>
            <li>Cloth</li>
          </thingDefs>
        </filter>
        <count>5</count>
      </li>
      <li>
        <filter>
          <categories>
            <li>Wools</li>
          </categories>
        </filter>
        <count>5</count>
      </li>
      <li>
        <filter>
          <thingDefs>
            <li>Chemfuel</li>
          </thingDefs>
        </filter>
        <count>10</count>
      </li>
    </ingredients>
    <fixedIngredientFilter>
      <thingDefs>
        <li>Cloth</li>
        <li>WoolSheep</li>
        <li>WoolAlpaca</li>
        <li>WoolMegasloth</li>
        <li>WoolMuffalo</li>
        <li>WoolBison</li>
        <li>Chemfuel</li>
      </thingDefs>
    </fixedIngredientFilter>
    <products>
      <Synthread>10</Synthread>
    </products>
    <!-- <researchPrerequisite>MFR_Synthread</researchPrerequisite> -->
    <skillRequirements>
      <Crafting>6</Crafting>
    </skillRequirements>
    <workSkill>Crafting</workSkill>
    <displayPriority>11</displayPriority>
  </RecipeDef>

  <RecipeDef>
    <defName>MFFG_Hyperweave</defName>
    <label>make hyperweave x10</label>
    <description>Make hyperweave x10.</description>
    <jobString>Making 10 hyperweave.</jobString>
    <workSpeedStat>GeneralLaborSpeed</workSpeedStat>
    <effectWorking>Tailor</effectWorking>
    <soundWorking>Recipe_Tailor</soundWorking>
    <workAmount>3600</workAmount>
    <recipeUsers>
      <li>FabricationBench</li>
    </recipeUsers>
    <ingredients>
      <li>
        <filter>
          <thingDefs>
            <li>Synthread</li>
          </thingDefs>
        </filter>
        <count>6</count>
      </li>
      <li>
        <filter>
          <thingDefs>
            <li>DevilstrandCloth</li>
          </thingDefs>
        </filter>
        <count>4</count>
      </li>
      <li>
        <filter>
          <thingDefs>
            <li>Plasteel</li>
          </thingDefs>
        </filter>
        <count>2</count>
      </li>
      <li>
        <filter>
          <thingDefs>
            <li>ComponentIndustrial</li>
          </thingDefs>
        </filter>
        <count>1</count>
      </li>
    </ingredients>
    <fixedIngredientFilter>
      <thingDefs>
        <li>Synthread</li>
        <li>DevilstrandCloth</li>
        <li>Plasteel</li>
        <li>ComponentIndustrial</li>
      </thingDefs>
    </fixedIngredientFilter>
    <products>
      <Hyperweave>10</Hyperweave>
    </products>
    <!-- <researchPrerequisite>MFR_Hyperweave</researchPrerequisite> -->
    <skillRequirements>
      <Crafting>8</Crafting>
    </skillRequirements>
    <workSkill>Crafting</workSkill>
    <displayPriority>11</displayPriority>
  </RecipeDef>

  <RecipeDef>
    <defName>MFFG_Neutroamine</defName>
    <label>make neutroamine x4</label>
    <description>Make neutroamine x4.</description>
    <jobString>Make 4 neutroamines.</jobString>
    <workSpeedStat>DrugSynthesisSpeed</workSpeedStat>
    <effectWorking>Cook</effectWorking>
    <soundWorking>Recipe_Drug</soundWorking>
    <workAmount>1600</workAmount>
    <recipeUsers>
      <li>DrugLab</li>
    </recipeUsers>
    <ingredients>
      <li>
        <filter>
          <thingDefs>
            <li>PsychoidLeaves</li>
          </thingDefs>
        </filter>
        <count>8</count>
      </li>
      <li>
        <filter>
          <thingDefs>
            <li>MedicineHerbal</li>
          </thingDefs>
        </filter>
        <count>1</count>
      </li>
    </ingredients>
    <fixedIngredientFilter>
      <thingDefs>
        <li>PsychoidLeaves</li>
        <li>MedicineHerbal</li>
      </thingDefs>
    </fixedIngredientFilter>
    <products>
      <Neutroamine>4</Neutroamine>
    </products>
    <!-- <researchPrerequisite>MFR_Neutroamine</researchPrerequisite> -->
    <workSkill>Intellectual</workSkill>
    <displayPriority>0</displayPriority>
  </RecipeDef>
</Defs>