<?xml version="1.0" encoding="utf-8"?>
<Defs>

	<ThingDef Name="ApparelShield" Abstract="True">
    <!-- <thingClass>Apparel</thingClass> -->
	<thingClass>ThingWithComps</thingClass>
    <category>Item</category>
    <drawerType>MapMeshOnly</drawerType>
    <selectable>True</selectable>
    <pathCost>14</pathCost>
    <useHitPoints>True</useHitPoints>
    <techLevel>Medieval</techLevel>
    <graphicData>
      <onGroundRandomRotateAngle>35</onGroundRandomRotateAngle>
    </graphicData>
    <drawGUIOverlay>true</drawGUIOverlay>
    <statBases>
	      <MarketValue>1200</MarketValue>
      <MoveSpeed>2.3</MoveSpeed>
      <EnergyShieldRechargeRate>0.25</EnergyShieldRechargeRate>
      <EnergyShieldEnergyMax>1.5</EnergyShieldEnergyMax>
      <MaxHitPoints>100</MaxHitPoints>
      <Flammability>1.0</Flammability>
      <DeteriorationRate>2</DeteriorationRate>
      <Beauty>-3</Beauty>
    </statBases>
    <altitudeLayer>Item</altitudeLayer>
    <alwaysHaulable>True</alwaysHaulable>
    <tickerType>Never</tickerType>
    <burnableByRecipe>true</burnableByRecipe>
    <smeltable>true</smeltable>
    <comps>
      <li Class="CompProperties_Forbiddable"/>
      <li>
        <compClass>CompColorable</compClass>
      </li>
    </comps>
  </ThingDef>

 
	
  <ThingDef ParentName="ApparelShield">
    <thingClass>Apparel</thingClass>
    <defName>MFFG_ShieldPack</defName>
    <label>low-shield pack</label>
	
    <description>A  man-portable low-shield projector. It generates a circular shield that allows bullets out but not in. The unit is designed to last only a short time before burning out.\n\nMany ultratech combat squads owe their lives to a shield pack deployed at just the right time.</description>
    <techLevel>Industrial</techLevel>
	<comps>
      <li Class="CompProperties_ProjectileInterceptor">
        <radius>6</radius>
        <interceptGroundProjectiles>true</interceptGroundProjectiles>
        <color>(0.4, 0.4, 0.4)</color>
        <reactivateEffect>BulletShieldGenerator_Reactivate</reactivateEffect>
        <activeSound>BulletShield_Ambience</activeSound>
        <hitPoints>300</hitPoints>
        <hitPointsRestoreInstantlyAfterCharge>true</hitPointsRestoreInstantlyAfterCharge>
        <chargeDurationTicks>1800</chargeDurationTicks><!-- 30s -->
        <rechargeHitPointsIntervalTicks>120</rechargeHitPointsIntervalTicks>
        <minIdleAlpha>0.2</minIdleAlpha>
        <drawWithNoSelection>True</drawWithNoSelection>
        <disarmedByEmpForTicks>1500</disarmedByEmpForTicks>
        <gizmoTipKey>ProjectileInterceptorTip</gizmoTipKey>
      </li>
      <!-- <li Class="CompProperties_ApparelReloadable"> -->
        <!-- <maxCharges>1</maxCharges> -->
        <!-- <destroyOnEmpty>true</destroyOnEmpty> -->
        <!-- <soundReload>Standard_Reload</soundReload> -->
        <!-- <hotKey>Misc4</hotKey> -->
        <!-- <chargeNoun>shield</chargeNoun> -->
        <!-- <displayGizmoWhileUndrafted>false</displayGizmoWhileUndrafted> -->
      <!-- </li> -->
	  
	  
    </comps>
    <!-- <verbs> -->
      <!-- <li> -->
        <!-- <verbClass>Verb_DeployBroadshield</verbClass> -->
        <!-- <label>deploy low-shield</label> -->
        <!-- <violent>false</violent> -->
        <!-- <hasStandardCommand>true</hasStandardCommand> -->
        <!-- <targetable>false</targetable> -->
        <!-- <nonInterruptingSelfCast>true</nonInterruptingSelfCast> -->
        <!-- <onlyManualCast>True</onlyManualCast> -->
      <!-- </li> -->
    <!-- </verbs> -->
    <recipeMaker>
      <unfinishedThingDef>UnfinishedPack</unfinishedThingDef>
      <researchPrerequisite>ShieldBelt</researchPrerequisite>
      <recipeUsers>
        <li>TableMachining</li>
      </recipeUsers>
      <workSpeedStat>GeneralLaborSpeed</workSpeedStat>
      <workSkill>Crafting</workSkill>
      <effectWorking>Smith</effectWorking>
      <soundWorking>Recipe_Machining</soundWorking>
      <skillRequirements>
        <Crafting>4</Crafting>
      </skillRequirements>
      <displayPriority>340</displayPriority>
    </recipeMaker>
    <costList>
      <BroadshieldCore>1</BroadshieldCore>
      <ComponentIndustrial>1</ComponentIndustrial>
    </costList>
    <graphicData>
      <texPath>Things/Pawn/Humanlike/Apparel/BroadshieldPack/BroadshieldPack</texPath>
      <graphicClass>Graphic_Single</graphicClass>
      <drawSize>(0.7,0.7)</drawSize>
    </graphicData>
    <tickerType>Normal</tickerType>
    <statBases>
      <WorkToMake>14000</WorkToMake>
      <Mass>3</Mass>
      <Flammability>0.4</Flammability>
      <EquipDelay>2</EquipDelay>
    </statBases>
    <thingSetMakerTags>
      <li>RewardStandardQualitySuper</li>
    </thingSetMakerTags>
    <thingCategories>
      <li>ApparelUtility</li>
    </thingCategories>
    <generateAllowChance>0.15</generateAllowChance>
    <apparel>
      <countsAsClothingForNudity>false</countsAsClothingForNudity>
      <scoreOffset>4</scoreOffset>
      <careIfWornByCorpse>false</careIfWornByCorpse>
      <careIfDamaged>false</careIfDamaged>
      <wearPerDay>0</wearPerDay>
      <bodyPartGroups>
        <li>Waist</li>
      </bodyPartGroups>
      <layers>
        <li>Belt</li>
      </layers>
      <tags>
        <li>BeltDefensePop</li>
      </tags>
      <wornGraphicPath>Things/Pawn/Humanlike/Apparel/BroadshieldPack/BroadshieldPack</wornGraphicPath>
      <wornGraphicData>
        <renderUtilityAsPack>true</renderUtilityAsPack>
        <north>
          <offset>(0,-0.15)</offset>
        </north>
        <south>
          <offset>(0,-0.15)</offset>
        </south>
        <east>
          <offset>(-0.35,-0.1)</offset>
          <thin><offset>(0.05,0)</offset></thin>
          <hulk><offset>(-0.15,0)</offset></hulk>
          <fat> <offset>(-0.20,0)</offset></fat>
        </east>
        <west>
          <offset>(0.35,-0.1)</offset>
          <thin><offset>(-0.05,0)</offset></thin>
          <hulk><offset>(0.15,0)</offset></hulk>
          <fat> <offset>(0.20,0)</offset></fat>
        </west>

        <male>  <scale>(0.4,0.4)</scale></male>
        <female><scale>(0.4,0.4)</scale></female>
        <thin>  <scale>(0.4,0.4)</scale></thin>
        <hulk>  <scale>(0.51,0.51)</scale></hulk>
        <fat>   <scale>(0.51,0.51)</scale></fat>
      </wornGraphicData>
    </apparel>
    <tradeTags>
      <li>ExoticMisc</li>
      <li>Armor</li>
    </tradeTags>
    <allowedArchonexusCount>1</allowedArchonexusCount>
  </ThingDef>





  <!-- <ThingDef ParentName="ApparelBase"> -->
    <!-- <thingClass>SmokepopBelt</thingClass> -->
    <!-- <defName>Apparel_SmokepopBelt</defName> -->
    <!-- <label>smokepop pack</label> -->
    <!-- <description>A defensive smokescreen. When activated, it will release a cloud of smoke, obscuring incoming shots and preventing turrets from locking on.</description> -->
    <!-- <techLevel>Industrial</techLevel> -->
    <!-- <comps> -->
      <!-- <li Class="CompProperties_ApparelReloadable"> -->
        <!-- <maxCharges>3</maxCharges> -->
        <!-- <ammoDef>Chemfuel</ammoDef> -->
        <!-- <ammoCountToRefill>10</ammoCountToRefill> -->
        <!-- <baseReloadTicks>60</baseReloadTicks> -->
        <!-- <soundReload>Standard_Reload</soundReload> -->
        <!-- <hotKey>Misc4</hotKey> -->
        <!-- <chargeNoun>smokepop</chargeNoun> -->
        <!-- <displayGizmoWhileUndrafted>false</displayGizmoWhileUndrafted> -->
      <!-- </li> -->
    <!-- </comps> -->
    <!-- <verbs> -->
      <!-- <li> -->
        <!-- <verbClass>Verb_Smokepop</verbClass> -->
        <!-- <label>pop smoke</label> -->
        <!-- <violent>false</violent> -->
        <!-- <hasStandardCommand>true</hasStandardCommand> -->
        <!-- <targetable>false</targetable> -->
        <!-- <nonInterruptingSelfCast>true</nonInterruptingSelfCast> -->
        <!-- <onlyManualCast>True</onlyManualCast> -->
      <!-- </li> -->
    <!-- </verbs> -->
    <!-- <recipeMaker> -->
      <!-- <unfinishedThingDef>UnfinishedPack</unfinishedThingDef> -->
      <!-- <researchPrerequisite>SmokepopBelt</researchPrerequisite> -->
      <!-- <recipeUsers> -->
        <!-- <li>TableMachining</li> -->
      <!-- </recipeUsers> -->
      <!-- <useIngredientsForColor>false</useIngredientsForColor> -->
      <!-- <workSpeedStat>GeneralLaborSpeed</workSpeedStat> -->
      <!-- <workSkill>Crafting</workSkill> -->
      <!-- <effectWorking>Smith</effectWorking> -->
      <!-- <soundWorking>Recipe_Smith</soundWorking> -->
      <!-- <skillRequirements> -->
        <!-- <Crafting>3</Crafting> -->
      <!-- </skillRequirements> -->
      <!-- <displayPriority>310</displayPriority> -->
    <!-- </recipeMaker> -->
    <!-- <costList> -->
      <!-- <ComponentIndustrial>1</ComponentIndustrial> -->
      <!-- <Steel>20</Steel> -->
      <!-- <Chemfuel>40</Chemfuel> -->
    <!-- </costList> -->
    <!-- <graphicData> -->
      <!-- <texPath>Things/Pawn/Humanlike/Apparel/SmokepopPack/SmokepopPack</texPath> -->
      <!-- <graphicClass>Graphic_Single</graphicClass> -->
      <!-- <drawSize>0.75</drawSize> -->
    <!-- </graphicData> -->
    <!-- <tickerType>Normal</tickerType> -->
    <!-- <statBases> -->
      <!-- <WorkToMake>3600</WorkToMake> -->
      <!-- <Mass>3</Mass> -->
      <!-- <Flammability>0.4</Flammability> -->
      <!-- <PackRadius>4.9</PackRadius> -->
      <!-- <EquipDelay>2</EquipDelay> -->
    <!-- </statBases> -->
    <!-- <thingCategories> -->
      <!-- <li>ApparelUtility</li> -->
    <!-- </thingCategories> -->
    <!-- <generateAllowChance>0.15</generateAllowChance> -->
    <!-- <apparel> -->
      <!-- <wornGraphicPath>Things/Pawn/Humanlike/Apparel/SmokepopPack/SmokepopPack</wornGraphicPath> -->
      <!-- <wornGraphicData> -->
        <!-- <renderUtilityAsPack>true</renderUtilityAsPack> -->
        <!-- <north> -->
          <!-- <offset>(0,-0.15)</offset> -->
        <!-- </north> -->
        <!-- <east> -->
          <!-- <offset>(-0.35,-0.05)</offset> -->
          <!-- <thin><offset>(0.05,0)</offset></thin> -->
          <!-- <hulk><offset>(-0.1,0)</offset></hulk> -->
          <!-- <fat><offset>(-0.15,0)</offset></fat> -->
        <!-- </east> -->
        <!-- <west> -->
          <!-- <offset>(0.35,-0.05)</offset> -->
          <!-- <thin><offset>(-0.05,0)</offset></thin> -->
          <!-- <hulk><offset>(0.1,0)</offset></hulk> -->
          <!-- <fat><offset>(0.15,0)</offset></fat> -->
        <!-- </west> -->
        <!-- <male>  <scale>(0.75,0.75)</scale></male> -->
        <!-- <female><scale>(0.75,0.75)</scale></female> -->
        <!-- <thin>  <scale>(0.7,0.7)</scale></thin> -->
        <!-- <hulk>  <scale>(0.9,0.9)</scale></hulk> -->
        <!-- <fat>   <scale>(0.9,0.9)</scale></fat> -->
      <!-- </wornGraphicData> -->
      <!-- <countsAsClothingForNudity>false</countsAsClothingForNudity> -->
      <!-- <careIfWornByCorpse>false</careIfWornByCorpse> -->
      <!-- <careIfDamaged>false</careIfDamaged> -->
      <!-- <wearPerDay>0</wearPerDay> -->
      <!-- <bodyPartGroups> -->
        <!-- <li>Waist</li> -->
      <!-- </bodyPartGroups> -->
      <!-- <layers> -->
        <!-- <li>Belt</li> -->
      <!-- </layers> -->
      <!-- <tags> -->
        <!-- <li>BeltDefensePop</li> -->
      <!-- </tags> -->
    <!-- </apparel> -->
    <!-- <colorGenerator Class="ColorGenerator_Options"> -->
      <!-- <options> -->
        <!-- <li> -->
          <!-- <weight>10</weight> -->
          <!-- <only>(0.33,0.33,0.33,1)</only> -->
        <!-- </li> -->
        <!-- <li> -->
          <!-- <weight>10</weight> -->
          <!-- <only>(0.6,0.4,0.4,1)</only> -->
        <!-- </li> -->
        <!-- <li> -->
          <!-- <weight>10</weight> -->
          <!-- <only>(0.6,0.6,0.4,1)</only> -->
        <!-- </li> -->
        <!-- <li> -->
          <!-- <weight>6</weight> -->
          <!-- <min>(0.3,0.3,0.3,1)</min> -->
          <!-- <max>(0.5,0.5,0.5,1)</max> -->
        <!-- </li> -->
      <!-- </options> -->
    <!-- </colorGenerator> -->
    <!-- <allowedArchonexusCount>1</allowedArchonexusCount> -->
    <!-- <tradeTags> -->
      <!-- <li>Clothing</li> -->
      <!-- <li>Armor</li> -->
    <!-- </tradeTags> -->
  <!-- </ThingDef> -->

 
</Defs>