﻿<?xml version="1.0" encoding="utf-8" ?>
<Defs>


  <!-- weapon arm -->

  <HediffDef ParentName="AddedBodyPartBase">
    <defName>WeaponArm</defName>
    <label>weapon arm</label>
    <labelNoun>a weapon arm</labelNoun>
    <description>An installed weapon arm. Allows the miner to rapidly find and exploit weak lines in the rock. It also has a general-purpose manipulator. It is somewhat ungainly, which slows down movement slightly.</description>
    <!-- <descriptionHyperlinks><ThingDef>weaponArm</ThingDef></descriptionHyperlinks> -->
    <addedPartProps>
      <solid>true</solid>
    </addedPartProps>
    <stages>
      <li>
     
        <capMods>
          <li>
            <capacity>Moving</capacity>
            <offset>-0.08</offset>
          </li>
        </capMods>
      </li>
    </stages>
    <comps>
      <li Class="HediffCompProperties_VerbGiver">
        <verbs>
		  <li>
			<verbClass>Verb_Shoot</verbClass>
			<hasStandardCommand>true</hasStandardCommand>
			<defaultProjectile>Bullet_Revolver</defaultProjectile>
			<warmupTime>0.3</warmupTime>
			<range>25.9</range>
			<soundCast>Shot_Revolver</soundCast>
			<soundCastTail>GunTail_Light</soundCastTail>
			<muzzleFlashScale>9</muzzleFlashScale>
		  </li>
		</verbs>
      </li>
    </comps>
    <!-- <spawnThingOnRemoved>weaponArm</spawnThingOnRemoved> -->
  </HediffDef>

  <!-- <ThingDef ParentName="BodyPartProstheticImperialBase"> -->
    <!-- <defName>weaponArm</defName> -->
    <!-- <label>weapon arm</label> -->
    <!-- <description>A mechanical arm replacement for speeding up mining. It has a built-in snake weapon, which allows the miner to rapidly find and exploit weak lines in the rock. It also has a general-purpose manipulator. It is somewhat ungainly, which slows down movement slightly.</description> -->
    <!-- <descriptionHyperlinks><RecipeDef>InstallweaponArm</RecipeDef></descriptionHyperlinks> -->
    <!-- <thingSetMakerTags><li>RewardStandardLowFreq</li></thingSetMakerTags> -->
    <!-- <costList> -->
      <!-- <Steel>60</Steel> -->
      <!-- <ComponentIndustrial>8</ComponentIndustrial> -->
    <!-- </costList> -->
    <!-- <recipeMaker> -->
      <!-- <researchPrerequisite>SpecializedLimbs</researchPrerequisite> -->
    <!-- </recipeMaker> -->
    <!-- <techHediffsTags> -->
      <!-- <li>weaponArm</li> -->
    <!-- </techHediffsTags> -->
  <!-- </ThingDef> -->

  <!-- <RecipeDef ParentName="SurgeryInstallBodyPartProstheticBase"> -->
    <!-- <defName>InstallweaponArm</defName> -->
    <!-- <label>install weapon arm</label> -->
    <!-- <description>Install a weapon arm.</description> -->
    <!-- <descriptionHyperlinks> -->
      <!-- <ThingDef>weaponArm</ThingDef> -->
      <!-- <HediffDef>weaponArm</HediffDef> -->
    <!-- </descriptionHyperlinks> -->
    <!-- <jobString>Installing weapon arm.</jobString> -->
    <!-- <ingredients> -->
      <!-- <li> -->
        <!-- <filter> -->
          <!-- <thingDefs> -->
            <!-- <li>weaponArm</li> -->
          <!-- </thingDefs> -->
        <!-- </filter> -->
        <!-- <count>1</count> -->
      <!-- </li> -->
    <!-- </ingredients> -->
    <!-- <fixedIngredientFilter> -->
      <!-- <thingDefs> -->
        <!-- <li>weaponArm</li> -->
      <!-- </thingDefs> -->
    <!-- </fixedIngredientFilter> -->
    <!-- <appliedOnFixedBodyParts> -->
      <!-- <li>Shoulder</li> -->
    <!-- </appliedOnFixedBodyParts> -->
    <!-- <addsHediff>weaponArm</addsHediff> -->
  <!-- </RecipeDef> -->

 
  
</Defs>