﻿<?xml version="1.0" encoding="utf-8" ?>
<Defs>

  <!--=============== Pure stuffs: Basics ====================-->


 
   <ThingDef ParentName="ResourceBase">
    <defName>MFFG_Concrate</defName>
    <label>concrate</label>
    <description>A hard, green stone. Because of its beauty and rarity, jade is often used for ornaments and decorations. Its hardness and density also makes it a good material for blunt weapons.</description>
    <graphicData>
      <texPath>Things/Item/Resource/Jade</texPath>
      <graphicClass>Graphic_StackCount</graphicClass>
    </graphicData>
    <useHitPoints>false</useHitPoints>
    <healthAffectsPrice>false</healthAffectsPrice>
    <soundInteract>ChunkRock_Drop</soundInteract>
    <soundDrop>ChunkRock_Drop</soundDrop>
    <statBases>
      <MarketValue>5</MarketValue>
      <Mass>0.5</Mass>
      <BluntDamageMultiplier>1.5</BluntDamageMultiplier>
    </statBases>
    <thingCategories>
      <li>ResourcesRaw</li>
    </thingCategories>
    <deepCommonality>0.5</deepCommonality>
    <deepCountPerPortion>15</deepCountPerPortion>
    <deepLumpSizeRange>1~4</deepLumpSizeRange>
    <burnableByRecipe>false</burnableByRecipe>
    <smeltable>false</smeltable>
    <stuffProps>
      <categories>
        <li>Stony</li>
      </categories>
      <commonality>0.05</commonality>
      <color>(104,108,94)</color>
      <constructEffect>ConstructMetal</constructEffect>
      <soundImpactBullet>BulletImpact_Ground</soundImpactBullet>
      <soundImpactMelee>Pawn_Melee_Punch_HitBuilding_Stone</soundImpactMelee>
      <soundMeleeHitSharp>MeleeHit_Stone</soundMeleeHitSharp>
      <soundMeleeHitBlunt>MeleeHit_Stone</soundMeleeHitBlunt>
      <statFactors>
        <MaxHitPoints>20</MaxHitPoints>
        <WorkToMake>2.0</WorkToMake>
        <WorkToBuild>10.0</WorkToBuild>
        <Beauty>0</Beauty>
        <Flammability>0</Flammability>
        <MeleeWeapon_CooldownMultiplier>1.3</MeleeWeapon_CooldownMultiplier>
      </statFactors>
    </stuffProps>
    <terrainAffordanceNeeded>Light</terrainAffordanceNeeded>
  </ThingDef>




 
  <ThingDef ParentName="ResourceBase">
    <defName>Uranium</defName>
    <label>uranium</label>
    <description>A dark, heavy metal. While it is best known as a fuel for nuclear devices, its extreme density and hardness also make it good for making certain weapons, armor, and ammunition.</description>
    <graphicData>
      <texPath>Things/Item/Resource/Uranium</texPath>
      <graphicClass>Graphic_StackCount</graphicClass>
    </graphicData>
    <useHitPoints>false</useHitPoints>
    <healthAffectsPrice>false</healthAffectsPrice>
    <soundInteract>Metal_Drop</soundInteract>
    <soundDrop>Metal_Drop</soundDrop>
    <statBases>
      <MarketValue>6</MarketValue>
      <Mass>1</Mass>
      <StuffPower_Armor_Sharp>1.08</StuffPower_Armor_Sharp>
      <StuffPower_Armor_Blunt>0.54</StuffPower_Armor_Blunt>
      <StuffPower_Armor_Heat>0.65</StuffPower_Armor_Heat>
      <StuffPower_Insulation_Cold>3</StuffPower_Insulation_Cold>
      <StuffPower_Insulation_Heat>0</StuffPower_Insulation_Heat>
      <SharpDamageMultiplier>1.1</SharpDamageMultiplier>
      <BluntDamageMultiplier>1.5</BluntDamageMultiplier>
    </statBases>
    <thingCategories>
      <li>ResourcesRaw</li>
    </thingCategories>
    <deepCommonality>1</deepCommonality>
    <deepCountPerPortion>15</deepCountPerPortion>
    <deepLumpSizeRange>4~10</deepLumpSizeRange>
    <burnableByRecipe>false</burnableByRecipe>
    <smeltable>true</smeltable>
    <minRewardCount>10</minRewardCount>
    <stuffProps>
      <categories>
        <li>Metallic</li>
      </categories>
      <appearance>Metal</appearance>
      <commonality>0.05</commonality>
      <color>(100,100,100)</color>
      <constructEffect>ConstructMetal</constructEffect>
      <soundImpactBullet>BulletImpact_Metal</soundImpactBullet>
      <soundMeleeHitSharp>MeleeHit_Metal_Sharp</soundMeleeHitSharp>
      <soundMeleeHitBlunt>MeleeHit_Metal_Blunt</soundMeleeHitBlunt>
      <soundImpactMelee>Pawn_Melee_Punch_HitBuilding_Metal</soundImpactMelee>
      <statFactors>
        <MaxHitPoints>2.5</MaxHitPoints>
        <WorkToMake>1.9</WorkToMake>
        <WorkToBuild>1.9</WorkToBuild>
        <Beauty>0.5</Beauty>
        <Flammability>0.0</Flammability>
        <DoorOpenSpeed>0.75</DoorOpenSpeed>
        <MeleeWeapon_CooldownMultiplier>1.10</MeleeWeapon_CooldownMultiplier>
      </statFactors>
    </stuffProps>
    <terrainAffordanceNeeded>Medium</terrainAffordanceNeeded>
    <allowedArchonexusCount>80</allowedArchonexusCount>
  </ThingDef>


  <ThingDef ParentName="ResourceBase">
    <defName>Jade</defName>
    <label>jade</label>
    <description>A hard, green stone. Because of its beauty and rarity, jade is often used for ornaments and decorations. Its hardness and density also makes it a good material for blunt weapons.</description>
    <graphicData>
      <texPath>Things/Item/Resource/Jade</texPath>
      <graphicClass>Graphic_StackCount</graphicClass>
    </graphicData>
    <useHitPoints>false</useHitPoints>
    <healthAffectsPrice>false</healthAffectsPrice>
    <soundInteract>ChunkRock_Drop</soundInteract>
    <soundDrop>ChunkRock_Drop</soundDrop>
    <statBases>
      <MarketValue>5</MarketValue>
      <Mass>0.5</Mass>
      <StuffPower_Armor_Sharp>0.9</StuffPower_Armor_Sharp>
      <StuffPower_Armor_Blunt>0.45</StuffPower_Armor_Blunt>
      <StuffPower_Armor_Heat>0.54</StuffPower_Armor_Heat>
      <StuffPower_Insulation_Cold>3</StuffPower_Insulation_Cold>
      <StuffPower_Insulation_Heat>0</StuffPower_Insulation_Heat>
      <BluntDamageMultiplier>1.5</BluntDamageMultiplier>
    </statBases>
    <thingCategories>
      <li>ResourcesRaw</li>
    </thingCategories>
    <deepCommonality>0.5</deepCommonality>
    <deepCountPerPortion>15</deepCountPerPortion>
    <deepLumpSizeRange>1~4</deepLumpSizeRange>
    <burnableByRecipe>false</burnableByRecipe>
    <smeltable>false</smeltable>
    <stuffProps>
      <categories>
        <li>Stony</li>
      </categories>
      <commonality>0.05</commonality>
      <color>(85,118,69)</color>
      <constructEffect>ConstructMetal</constructEffect>
      <soundImpactBullet>BulletImpact_Ground</soundImpactBullet>
      <soundImpactMelee>Pawn_Melee_Punch_HitBuilding_Stone</soundImpactMelee>
      <soundMeleeHitSharp>MeleeHit_Stone</soundMeleeHitSharp>
      <soundMeleeHitBlunt>MeleeHit_Stone</soundMeleeHitBlunt>
      <statOffsets>
        <Beauty>10</Beauty>
      </statOffsets>
      <statFactors>
        <MaxHitPoints>0.5</MaxHitPoints>
        <WorkToMake>1.4</WorkToMake>
        <WorkToBuild>5.0</WorkToBuild>
        <Beauty>2.5</Beauty>
        <Flammability>0</Flammability>
        <MeleeWeapon_CooldownMultiplier>1.3</MeleeWeapon_CooldownMultiplier>
      </statFactors>
    </stuffProps>
    <terrainAffordanceNeeded>Heavy</terrainAffordanceNeeded>
    <allowedArchonexusCount>80</allowedArchonexusCount>
  </ThingDef>




  
  
  <!--=============== Pure stuffs: Fabric, leather, etc  ====================-->

  <ThingDef ParentName="ResourceBase">
    <defName>Cloth</defName>
    <label>cloth</label>
    <description>Cloth woven from organic fibers.</description>
    <graphicData>
      <texPath>Things/Item/Resource/Cloth</texPath>
      <graphicClass>Graphic_StackCount</graphicClass>
      <color>(162,157,152)</color>
    </graphicData>
    <statBases>
      <StuffPower_Armor_Sharp>0.36</StuffPower_Armor_Sharp>
      <StuffPower_Armor_Blunt>0</StuffPower_Armor_Blunt>
      <StuffPower_Armor_Heat>0.18</StuffPower_Armor_Heat>
      <StuffPower_Insulation_Cold>18</StuffPower_Insulation_Cold>
      <StuffPower_Insulation_Heat>18</StuffPower_Insulation_Heat>
      <MaxHitPoints>80</MaxHitPoints>
      <MarketValue>1.5</MarketValue>
      <Mass>0.026</Mass>
      <Flammability>1.2</Flammability>
      <DeteriorationRate>4</DeteriorationRate>
    </statBases>
    <burnableByRecipe>true</burnableByRecipe>
    <healthAffectsPrice>false</healthAffectsPrice>
    <minRewardCount>30</minRewardCount>
    <stuffProps>
      <statFactors>
        <Flammability>1.2</Flammability>
        <Beauty>1</Beauty>
      </statFactors>
      <categories>
        <li>Fabric</li>
      </categories>
      <color>(162,157,152)</color>
      <commonality>1.4</commonality>
      <allowColorGenerators>true</allowColorGenerators>
      <canSuggestUseDefaultStuff>true</canSuggestUseDefaultStuff>
    </stuffProps>
    <thingCategories>
      <li>Textiles</li>
    </thingCategories>
    <comps>
      <li>
        <compClass>CompColorable</compClass>
      </li>
    </comps>
    <colorGeneratorInTraderStock Class="ColorGenerator_Options">
      <options>
        <li>
          <weight>5</weight>
          <only>(0.33,0.33,0.33,1)</only>
        </li>
        <li>
          <weight>10</weight>
          <min>(0.3,0.3,0.3,1)</min>
          <max>(0.9,0.9,0.9,1)</max>
        </li>
        <li>
          <weight>5</weight>
          <only>(0.9,0.9,0.9,1)</only>
        </li>
      </options>
    </colorGeneratorInTraderStock>
    <allowedArchonexusCount>80</allowedArchonexusCount>
  </ThingDef>

  <ThingDef ParentName="ResourceBase">
    <defName>Synthread</defName>
    <label>synthread</label>
    <description>Spacer-tech synthetic fabric designed for making ordinary clothes. It is soft, light, strong, and insulates well.</description>
    <graphicData>
      <texPath>Things/Item/Resource/Synthread</texPath>
      <graphicClass>Graphic_StackCount</graphicClass>
    </graphicData>
    <statBases>
      <MaxHitPoints>150</MaxHitPoints>
      <MarketValue>4</MarketValue>
      <Mass>0.025</Mass>
      <Flammability>0.7</Flammability>
      <DeteriorationRate>3</DeteriorationRate>
      <StuffPower_Armor_Sharp>0.94</StuffPower_Armor_Sharp>
      <StuffPower_Armor_Blunt>0.26</StuffPower_Armor_Blunt>
      <StuffPower_Armor_Heat>0.90</StuffPower_Armor_Heat>
      <StuffPower_Insulation_Cold>22</StuffPower_Insulation_Cold>
      <StuffPower_Insulation_Heat>22</StuffPower_Insulation_Heat>
    </statBases>
    <burnableByRecipe>true</burnableByRecipe>
    <healthAffectsPrice>false</healthAffectsPrice>
    <minRewardCount>30</minRewardCount>
    <stuffProps>
      <categories>
        <li>Fabric</li>
      </categories>
      <commonality>0.15</commonality>
      <color>(174,219,228)</color>
      <statFactors>
        <Flammability>0.7</Flammability>
        <MaxHitPoints>1.3</MaxHitPoints>
        <Beauty>2.3</Beauty>
      </statFactors>
    </stuffProps>
    <thingCategories>
      <li>Textiles</li>
    </thingCategories>
    <allowedArchonexusCount>80</allowedArchonexusCount>
  </ThingDef>

  <ThingDef ParentName="ResourceBase">
    <defName>DevilstrandCloth</defName>
    <label>devilstrand</label>
    <description>Fabric spun from microfibers extracted from devilstrand mushrooms. It is very tough, good at insulating, and protects exceptionally well against flame.</description>
    <graphicData>
      <texPath>Things/Item/Resource/Devilstrand</texPath>
      <graphicClass>Graphic_StackCount</graphicClass>
    </graphicData>
    <statBases>
      <MaxHitPoints>100</MaxHitPoints>
      <MarketValue>5.5</MarketValue>
      <Mass>0.032</Mass>
      <Flammability>0.4</Flammability>
      <DeteriorationRate>3</DeteriorationRate>
      <StuffPower_Armor_Sharp>1.40</StuffPower_Armor_Sharp>
      <StuffPower_Armor_Blunt>0.36</StuffPower_Armor_Blunt>
      <StuffPower_Armor_Heat>3.00</StuffPower_Armor_Heat>
      <StuffPower_Insulation_Cold>20</StuffPower_Insulation_Cold>
      <StuffPower_Insulation_Heat>24</StuffPower_Insulation_Heat>
    </statBases>
    <burnableByRecipe>true</burnableByRecipe>
    <healthAffectsPrice>false</healthAffectsPrice>
    <minRewardCount>30</minRewardCount>
    <stuffProps>
      <categories>
        <li>Fabric</li>
      </categories>
      <commonality>0.20</commonality>
      <color>(180,60,60)</color>
      <statFactors>
        <Flammability>0.4</Flammability>
        <MaxHitPoints>1.3</MaxHitPoints>
        <Beauty>3.2</Beauty>
      </statFactors>
    </stuffProps>
    <thingCategories>
      <li>Textiles</li>
    </thingCategories>
    <comps>
      <li>
        <compClass>CompColorable</compClass>
      </li>
    </comps>
    <allowedArchonexusCount>80</allowedArchonexusCount>
  </ThingDef>

  <ThingDef ParentName="ResourceBase">
    <defName>Hyperweave</defName>
    <label>hyperweave</label>
    <description>Nano-fibers woven into sheets molecule-by-molecule using specialized production mechanites. While it flexes freely most of the time, it stiffens to absorb blows as they land, and is incredibly difficult to break. The secrets of its production are known only to the most advanced glitterworld cultures.</description>
    <graphicData>
      <texPath>Things/Item/Resource/Hyperweave</texPath>
      <graphicClass>Graphic_StackCount</graphicClass>
    </graphicData>
    <statBases>
      <MaxHitPoints>200</MaxHitPoints>
      <MarketValue>9</MarketValue>
      <Mass>0.038</Mass>
      <Flammability>0.4</Flammability>
      <DeteriorationRate>1.0</DeteriorationRate>
      <StuffPower_Armor_Sharp>2.00</StuffPower_Armor_Sharp>
      <StuffPower_Armor_Blunt>0.54</StuffPower_Armor_Blunt>
      <StuffPower_Armor_Heat>2.88</StuffPower_Armor_Heat>
      <StuffPower_Insulation_Cold>26</StuffPower_Insulation_Cold>
      <StuffPower_Insulation_Heat>26</StuffPower_Insulation_Heat>
    </statBases>
    <burnableByRecipe>true</burnableByRecipe>
    <healthAffectsPrice>false</healthAffectsPrice>
    <minRewardCount>30</minRewardCount>
    <stuffProps>
      <categories>
        <li>Fabric</li>
      </categories>
      <commonality>0.10</commonality>
      <color>(0,106,126)</color>
      <statFactors>
        <Flammability>0.4</Flammability>
        <MaxHitPoints>2.4</MaxHitPoints>
        <Beauty>5.5</Beauty>
      </statFactors>
    </stuffProps>
    <thingCategories>
      <li>Textiles</li>
    </thingCategories>
    <tradeTags>
      <li>ExoticMisc</li>
    </tradeTags>
    <thingSetMakerTags><li>RewardStandardCore</li></thingSetMakerTags>
    <allowedArchonexusCount>80</allowedArchonexusCount>
  </ThingDef>

  <!--=====================================================================-->
  <!--=============================== Wool ================================-->
  <!--=====================================================================-->

  <ThingDef ParentName="ResourceBase" Name="WoolBase" Abstract="True">
    <stackLimit>100</stackLimit>
    <statBases>
      <MaxHitPoints>90</MaxHitPoints>
      <MarketValue>2.7</MarketValue>
      <Mass>0.028</Mass>
      <Flammability>0.4</Flammability>
      <DeteriorationRate>3.4</DeteriorationRate>
      <StuffPower_Armor_Sharp>0.36</StuffPower_Armor_Sharp>
      <StuffPower_Armor_Blunt>0.00</StuffPower_Armor_Blunt>
      <StuffPower_Armor_Heat>1.10</StuffPower_Armor_Heat>
    </statBases>
    <burnableByRecipe>true</burnableByRecipe>
    <healthAffectsPrice>false</healthAffectsPrice>
    <minRewardCount>30</minRewardCount>
    <stuffProps>
      <commonality>0.12</commonality>
      <statFactors>
        <Flammability>1.7</Flammability>
        <Beauty>1.5</Beauty>
      </statFactors>
      <categories>
        <li>Fabric</li>
      </categories>
      <canSuggestUseDefaultStuff>true</canSuggestUseDefaultStuff>
    </stuffProps>
    <thingCategories>
      <li>Wools</li>
    </thingCategories>
    <graphicData>
      <texPath>Things/Item/Resource/Wool</texPath>
      <graphicClass>Graphic_Single</graphicClass>
    </graphicData>
    <allowedArchonexusCount>80</allowedArchonexusCount>
  </ThingDef>

  <!-- Sheep wool - most basic -->
  <ThingDef ParentName="WoolBase">
    <defName>WoolSheep</defName>
    <label>sheep wool</label>
    <description>Sheep's wool. It provides good insulation.</description>
    <possessionCount>30</possessionCount>
    <statBases>
      <StuffPower_Insulation_Cold>26</StuffPower_Insulation_Cold>
      <StuffPower_Insulation_Heat>10</StuffPower_Insulation_Heat>
    </statBases>
    <stuffProps>
      <color>(219,214,209)</color>
      <commonality>0.24</commonality>
    </stuffProps>
    <graphicData>
      <color>(219,214,209)</color>
    </graphicData>
  </ThingDef>

  <!-- Alpaca wool - A bit better than sheep's wool, but more importantly more expensive -->
  <ThingDef ParentName="WoolBase">
    <defName>WoolAlpaca</defName>
    <label>alpaca wool</label>
    <description>The remarkably soft wool of an alpaca. It is warm, protects well from heat, and fetches a high price.</description>
    <possessionCount>30</possessionCount>
    <statBases>
      <MarketValue>3.8</MarketValue>
      <StuffPower_Insulation_Cold>30</StuffPower_Insulation_Cold>
      <StuffPower_Insulation_Heat>16</StuffPower_Insulation_Heat>
    </statBases>
    <graphicData>
      <color>(237,216,174)</color>
    </graphicData>
    <stuffProps>
      <color>(180,148,109)</color>
    </stuffProps>
  </ThingDef>

  <ThingDef ParentName="WoolBase">
    <defName>WoolMegasloth</defName>
    <label>megasloth wool</label>
    <description>While somewhat coarse, megasloth wool's long fibers make it very strong. It is exceptionally warm.</description>
    <possessionCount>30</possessionCount>
    <statBases>
      <StuffPower_Armor_Sharp>0.80</StuffPower_Armor_Sharp>
      <StuffPower_Insulation_Cold>34</StuffPower_Insulation_Cold>
      <StuffPower_Insulation_Heat>12</StuffPower_Insulation_Heat>
    </statBases>
    <graphicData>
      <color>(189,161,116)</color>
    </graphicData>
    <stuffProps>
      <color>(189,161,116)</color>
    </stuffProps>
  </ThingDef>

  <ThingDef ParentName="WoolBase">
    <defName>WoolMuffalo</defName>
    <label>muffalo wool</label>
    <description>Soft, light and provides very good insulation. Muffalo wool clothes can keep the body warm even in very cold conditions.</description>
    <possessionCount>30</possessionCount>
    <statBases>
      <StuffPower_Insulation_Cold>28</StuffPower_Insulation_Cold>
      <StuffPower_Insulation_Heat>12</StuffPower_Insulation_Heat>
    </statBases>
    <graphicData>
      <color>(179,192,186)</color>
    </graphicData>
    <stuffProps>
      <color>(179,192,186)</color>
    </stuffProps>
  </ThingDef>

  <ThingDef ParentName="WoolBase">
    <defName>WoolBison</defName>
    <label>bison wool</label>
    <description>Thick and coarse wool of a bison. Quite warm.</description>
    <possessionCount>30</possessionCount>
    <statBases>
      <StuffPower_Insulation_Cold>26</StuffPower_Insulation_Cold>
      <StuffPower_Insulation_Heat>12</StuffPower_Insulation_Heat>
    </statBases>
    <graphicData>
      <color>(104,69,45)</color>
    </graphicData>
    <stuffProps>
      <color>(104,69,45)</color>
    </stuffProps>
  </ThingDef>

</Defs>
