﻿<?xml version="1.0" encoding="utf-8" ?>
<Defs>


  <ThingDef ParentName="BaseHumanMakeableGun">
    <defName>MFFG_Gun_EMPRifle</defName>
    <label>EMP rifle</label>
    <description>A charged-shot assault rifle. Pulse-charge technology charges each shot with unstable energy as it leaves the barrel. Released on impact, the charged energy greatly increases the damage done.</description>
    <techLevel>Spacer</techLevel>
    <graphicData>
      <texPath>Things/Item/Equipment/WeaponRanged/ChargeRifle</texPath>
      <graphicClass>Graphic_Single</graphicClass>
    </graphicData>
    <soundInteract>Interact_ChargeRifle</soundInteract>
    <statBases>
      <WorkToMake>45000</WorkToMake>
      <Mass>4.6</Mass>
      <AccuracyTouch>0.95</AccuracyTouch>
      <AccuracyShort>0.90</AccuracyShort>
      <AccuracyMedium>0.85</AccuracyMedium>
      <AccuracyLong>0.80</AccuracyLong>
      <RangedWeapon_Cooldown>0.8</RangedWeapon_Cooldown>
    </statBases>
    <recipeMaker>
      <researchPrerequisite>ChargedShot</researchPrerequisite>
      <skillRequirements>
        <Crafting>7</Crafting>
      </skillRequirements>
      <recipeUsers Inherit="False">
        <li>FabricationBench</li>
      </recipeUsers>
      <displayPriority>200</displayPriority>
    </recipeMaker>
    <costList>
      <Plasteel>50</Plasteel>
      <ComponentSpacer>2</ComponentSpacer>
    </costList>
    <thingSetMakerTags>
      <li>RewardStandardQualitySuper</li>
    </thingSetMakerTags>
    <weaponTags>
      <li>SpacerGun</li>
    </weaponTags>
    <tradeTags>
      <li>WeaponRanged</li>
    </tradeTags>
    <weaponClasses>
      <li>RangedLight</li>
    </weaponClasses>
    <verbs>
      <li>
        <verbClass>Verb_Shoot</verbClass>
        <hasStandardCommand>true</hasStandardCommand>
        <defaultProjectile>MFFG_EMP_Bullet</defaultProjectile>
        <warmupTime>0.8</warmupTime>
        <range>25.9</range>
        <!-- <ticksBetweenBurstShots>6</ticksBetweenBurstShots> -->
        <!-- <burstShotCount>3</burstShotCount> -->
        <soundCast>Shot_ChargeRifle</soundCast>
        <soundCastTail>GunTail_Medium</soundCastTail>
        <muzzleFlashScale>9</muzzleFlashScale>
      </li>
    </verbs>
    <tools>
      <li>
        <label>stock</label>
        <capacities>
          <li>Blunt</li>
        </capacities>
        <power>9</power>
        <cooldownTime>2</cooldownTime>
      </li>
      <li>
        <label>barrel</label>
        <capacities>
          <li>Blunt</li>
          <li>Poke</li>
        </capacities>
        <power>9</power>
        <cooldownTime>2</cooldownTime>
      </li>
    </tools>
  </ThingDef>
  
  
  <ThingDef ParentName="BaseBullet">
    <defName>MFFG_EMP_Bullet</defName>
    <label>EMP shot</label>
    <graphicData>
      <texPath>Things/Projectile/Charge_Small</texPath>
      <graphicClass>Graphic_Single</graphicClass>
    </graphicData>
    <projectile>
      <damageDef>EMP</damageDef>
	  
	  <!-- <extraDamages>
		<li>
		  <def>Bullet</def>
		  <amount>20</amount>
		  <armorPenetration>0.3</armorPenetration>
		</li>
	  </extraDamages>
		 -->
      <damageAmountBase>50</damageAmountBase>
	  <stoppingPower>0</stoppingPower>
      <!-- <armorPenetrationBase>0.35</armorPenetrationBase> -->
      <speed>70</speed>
    </projectile>
  </ThingDef>

 </Defs>