﻿<?xml version="1.0" encoding="utf-8" ?>
<Defs>

  <ThoughtDef>
    <defName>Joywire</defName>
    <workerClass>ThoughtWorker_Hediff</workerClass>
    <hediff>Joywire</hediff>
    <validWhileDespawned>true</validWhileDespawned>
    <developmentalStageFilter>Baby, Child, Adult</developmentalStageFilter>
    <stages>
      <li>
        <label>joywire</label>
        <description>It feels amazing.</description>
        <baseMoodEffect>30</baseMoodEffect>
      </li>
    </stages>
  </ThoughtDef>
 

  
 
</Defs>
