﻿<?xml version="1.0" encoding="utf-8"?>
<Defs>
	<!-- <ResearchTabDef> -->
  <!-- <defName>MFFG_Neolithic</defName> -->
    <!-- <label>Neolithic age technologies</label> -->
  <!-- </ResearchTabDef> -->
  <ResearchTabDef>
    <defName>MFFG_Medival</defName>
    <label>Medival age technologies</label>
  </ResearchTabDef>
  <ResearchTabDef>
    <defName>MFFG_Industrial</defName>
    <label>Industrial age technologies</label>
  </ResearchTabDef>
  <ResearchTabDef>
    <defName>MFFG_Spacer</defName>
    <label>Spacer age tehcnologies</label>
  </ResearchTabDef>
  <ResearchTabDef>
    <defName>MFFG_Ultra</defName>
    <label>Ultra tehcnologies</label>
  </ResearchTabDef>
  <ResearchTabDef>
    <defName>MFFG_Archotech</defName>
    <label>Archotech tehcnologies</label>
  </ResearchTabDef>
</Defs>